<?xml version="1.0" encoding="UTF-8"?>
<jcr:root xmlns:sling="http://sling.apache.org/jcr/sling/1.0" xmlns:cq="http://www.day.com/jcr/cq/1.0" xmlns:jcr="http://www.jcp.org/jcr/1.0" xmlns:nt="http://www.jcp.org/jcr/nt/1.0"
    jcr:primaryType="cq:Page">
    <jcr:content
        cq:lastModified="{Date}2022-10-31T22:30:07.265-05:00"
        cq:lastModifiedBy="workday-community-administrative-service-user"
        cq:template="/conf/community/settings/wcm/templates/events-page"
        jcr:primaryType="cq:PageContent"
        jcr:title="Custom event data it on Geo Map Visualization on Dashboard"
        sling:resourceType="community/components/page">
        <root
            jcr:primaryType="nt:unstructured"
            sling:resourceType="community/components/container"
            layout="responsiveGrid">
            <container
                jcr:primaryType="nt:unstructured"
                sling:resourceType="community/components/container"
                layout="responsiveGrid">
                <title
                    jcr:primaryType="nt:unstructured"
                    jcr:title="Custom event data it on Geo Map Visualization on Dashboard"
                    sling:resourceType="community/components/title"/>
                <container
                    jcr:primaryType="nt:unstructured"
                    sling:resourceType="community/components/container"
                    layout="responsiveGrid">
                    <eventvalidity
                        jcr:primaryType="nt:unstructured"
                        sling:resourceType="community/components/events/eventvalidity"
                        readCount="54"
                        retirementDate="{Date}2023-12-29T23:00:00.000-06:00"
                        updatedDate="{Date}2022-10-07T23:00:00.000-05:00"/>
                    <eventdetails_0
                        jcr:primaryType="nt:unstructured"
                        sling:resourceType="community/components/events/eventdetails"
                        heading="Agenda"
                        notes="This communication is covered by Safe Harbor.">
                        <eventAccordion jcr:primaryType="nt:unstructured">
                            <item0
                                jcr:primaryType="nt:unstructured"
                                eachOuterBullet="Administration"/>
                            <item1
                                jcr:primaryType="nt:unstructured"
                                eachOuterBullet="Presentation: Use Dimension Property and Leverage it on Geo Map Visualization on Dashboard"/>
                            <item2
                                jcr:primaryType="nt:unstructured"
                                eachOuterBullet="Announcements"/>
                            <item3
                                jcr:primaryType="nt:unstructured"
                                eachOuterBullet="Community Administrative Items - Text Only"/>
                        </eventAccordion>
                    </eventdetails_0>
                    <eventdetails_1
                        jcr:primaryType="nt:unstructured"
                        sling:resourceType="community/components/events/eventdetails"
                        heading="Administration"
                        notes="">
                        <eventAccordion jcr:primaryType="nt:unstructured">
                            <item0
                                jcr:primaryType="nt:unstructured"
                                eachOuterBullet="This call is being recorded for the listening pleasure of those who cannot attend live."/>
                            <item1
                                jcr:primaryType="nt:unstructured"
                                eachOuterBullet="Your audio connection has been automatically muted. You will need to unmute yourself If you would like to answer a question or add a comment. Please ask questions in the Chat window."/>
                        </eventAccordion>
                    </eventdetails_1>
                    <eventdetails_2
                        jcr:primaryType="nt:unstructured"
                        sling:resourceType="community/components/events/eventdetails"
                        heading="Presentation: Use Dimension Property and Leverage it on Geo Map Visualization on Dashboard"
                        notes="MikaÃ«l Brunet-Frappier,PowerPoint,Sample Geo Coordinates - https://adaptiveplanning.doc.workday.com/r/91edJX~vaJADkbKArtQOMg/0Kj3XPYsdnVkre6ZY~56Xw,Question: Are there any timelines for Retained Earnings changes in FINS? will old method be disabled?,Answer: The fields currently marked DNU will be retired on Sep 9, 2023. To follow the status of functionality that is being retired you can reference - Retired Functionality Reference"/>
                    <eventdetails_3
                        jcr:primaryType="nt:unstructured"
                        sling:resourceType="community/components/events/eventdetails"
                        heading="Announcements"
                        notes="Below is the upcoming KSS Test Data:,Non-Customer Instances (Cluster 3),Delivery Assurance,">
                        <eventAccordion jcr:primaryType="nt:unstructured">
                            <item0
                                jcr:primaryType="nt:unstructured"
                                eachOuterBullet="Below is the upcoming KSS Test Data:">
                                <list jcr:primaryType="nt:unstructured">
                                    <item0
                                        jcr:primaryType="nt:unstructured"
                                        eachInnerBullet="October 12th - Contra Accounts"/>
                                    <item1
                                        jcr:primaryType="nt:unstructured"
                                        eachInnerBullet="Nov 23rd - Almost simultaneous go-live"/>
                                </list>
                            </item0>
                            <item1
                                jcr:primaryType="nt:unstructured"
                                eachOuterBullet="Implementer Email Accounts">
                                <list jcr:primaryType="nt:unstructured">
                                    <item0
                                        jcr:primaryType="nt:unstructured"
                                        eachInnerBullet="Editing Implementer Email address in Workday - Only users with an implementer account can edit the implementers email address. To Edit the implementer's email address > search for All Workday Accounts> Filter the User Name column by your user name > using the related action off of the magnifying glass> Workday Account > Edit Implementer Contact Information > Click on the Add button below Email Address > add your email address > for Type select Work > confirm that Visibility has a checked boxed next to Public > Click OK. Do not submit customer support cases requesting that they edit the implementer email address as they do not have access."/>
                                </list>
                            </item1>
                            <item2
                                jcr:primaryType="nt:unstructured"
                                eachOuterBullet="Go-live Check List">
                                <list jcr:primaryType="nt:unstructured">
                                    <item0
                                        jcr:primaryType="nt:unstructured"
                                        eachInnerBullet="Requirement are being Enforced"/>
                                    <item1
                                        jcr:primaryType="nt:unstructured"
                                        eachInnerBullet="For Workday Attached Projects Only â€“ it is understood that the DA Review will not be completed before the move to production"/>
                                    <item2
                                        jcr:primaryType="nt:unstructured"
                                        eachInnerBullet="Form on Community â€“ In the Cutover Section of the methodology â€’Prepare and obtain approval for the go live checklist"/>
                                </list>
                            </item2>
                            <item3
                                jcr:primaryType="nt:unstructured"
                                eachOuterBullet="2022R2 Update Certification Due Dates">
                                <list jcr:primaryType="nt:unstructured">
                                    <item0
                                        jcr:primaryType="nt:unstructured"
                                        eachInnerBullet="Workday Partners - November 21, 2022 11:59 PM PT"/>
                                    <item1
                                        jcr:primaryType="nt:unstructured"
                                        eachInnerBullet="Channel Partners - December 22, 2022 11:59 PM PT"/>
                                </list>
                            </item3>
                            <item4
                                jcr:primaryType="nt:unstructured"
                                eachOuterBullet="Adaptive Planning - Workday Data Management SE Workshop">
                                <list jcr:primaryType="nt:unstructured">
                                    <item0
                                        jcr:primaryType="nt:unstructured"
                                        eachInnerBullet="Execute tenant and instance set up to hydrate a Financials Planning Foundation instance"/>
                                    <item1
                                        jcr:primaryType="nt:unstructured"
                                        eachInnerBullet="Configure an external system for Drill Back and publishing plan"/>
                                    <item2
                                        jcr:primaryType="nt:unstructured"
                                        eachInnerBullet="Configure User Sync"/>
                                    <item3
                                        jcr:primaryType="nt:unstructured"
                                        eachInnerBullet="Write common SQL statements"/>
                                    <item4
                                        jcr:primaryType="nt:unstructured"
                                        eachInnerBullet="Create sql, join &amp; union tables."/>
                                    <item5
                                        jcr:primaryType="nt:unstructured"
                                        eachInnerBullet="This workshop does not lead to a certification. This workshop is not required and does not change certification requirements."/>
                                    <item6
                                        jcr:primaryType="nt:unstructured"
                                        eachInnerBullet="Prerequisite: Adaptive Insights Platform Certification"/>
                                    <item7
                                        jcr:primaryType="nt:unstructured"
                                        eachInnerBullet="Oct 17th to Oct 21st (filled)"/>
                                    <item8
                                        jcr:primaryType="nt:unstructured"
                                        eachInnerBullet="Jan 9th to Jan 13th"/>
                                    <item9
                                        jcr:primaryType="nt:unstructured"
                                        eachInnerBullet="Cost $2,000"/>
                                </list>
                            </item4>
                            <item5
                                jcr:primaryType="nt:unstructured"
                                eachOuterBullet="Methodology Changes">
                                <list jcr:primaryType="nt:unstructured">
                                    <item0
                                        jcr:primaryType="nt:unstructured"
                                        eachInnerBullet="For New projects starting after July 1st , will use the 4-stage methodology New 4 Stages â€“ Plan, Architect &amp; Configure, Test and Deploy"/>
                                    <item1
                                        jcr:primaryType="nt:unstructured"
                                        eachInnerBullet="New 4 Stages â€“ Plan, Architect &amp; Configure, Test and Deploy"/>
                                    <item2
                                        jcr:primaryType="nt:unstructured"
                                        eachInnerBullet="Workday will maintain the 3-Stage Adaptive methodology through Dec 31, 2022"/>
                                    <item3
                                        jcr:primaryType="nt:unstructured"
                                        eachInnerBullet="As of Jan 1, 2023 3 Stage templates will be removed from community Submit a Services Care case if you need any 3-stage templates after 1/1/23"/>
                                    <item4
                                        jcr:primaryType="nt:unstructured"
                                        eachInnerBullet="Submit a Services Care case if you need any 3-stage templates after 1/1/23"/>
                                    <item5
                                        jcr:primaryType="nt:unstructured"
                                        eachInnerBullet="The updated methodology is posted on Community"/>
                                </list>
                            </item5>
                            <item6
                                jcr:primaryType="nt:unstructured"
                                eachOuterBullet="Non-Customer Instances (Cluster 3)">
                                <list jcr:primaryType="nt:unstructured">
                                    <item0
                                        jcr:primaryType="nt:unstructured"
                                        eachInnerBullet="Requests are sent to - trialrequest@adaptiveinsights.com New Instances Instance Deletion Flag Maintenance"/>
                                    <item1
                                        jcr:primaryType="nt:unstructured"
                                        eachInnerBullet="New Instances"/>
                                    <item2
                                        jcr:primaryType="nt:unstructured"
                                        eachInnerBullet="Instance Deletion"/>
                                    <item3
                                        jcr:primaryType="nt:unstructured"
                                        eachInnerBullet="Flag Maintenance"/>
                                    <item4
                                        jcr:primaryType="nt:unstructured"
                                        eachInnerBullet="Do not submit Services Care cases"/>
                                </list>
                            </item6>
                            <item7
                                jcr:primaryType="nt:unstructured"
                                eachOuterBullet="Delivery Assurance">
                                <list jcr:primaryType="nt:unstructured">
                                    <item0
                                        jcr:primaryType="nt:unstructured"
                                        eachInnerBullet="Now required on the final DA review, includes review of the Baseline Performance Testing Checklist"/>
                                    <item1
                                        jcr:primaryType="nt:unstructured"
                                        eachInnerBullet="Instance Data and Cache Reports are requested from the DA reviewer or DAM"/>
                                    <item2
                                        jcr:primaryType="nt:unstructured"
                                        eachInnerBullet="Do not submit a support case."/>
                                </list>
                            </item7>
                            <item8
                                jcr:primaryType="nt:unstructured"
                                eachOuterBullet="2021R2 Resources">
                                <list jcr:primaryType="nt:unstructured">
                                    <item0
                                        jcr:primaryType="nt:unstructured"
                                        eachInnerBullet="2022R2 Features in Limited Availability"/>
                                </list>
                            </item8>
                            <item9
                                jcr:primaryType="nt:unstructured"
                                eachOuterBullet="Next Adaptive Planning Integrations KSS call. Tuesday, October 11th @ 8am PT. Presentation will be: Open Floor Q&amp;A - Topic Generation - Help Offering - Ask Anything About Planning Integrations &amp; Community Support">
                                <list jcr:primaryType="nt:unstructured">
                                    <item0
                                        jcr:primaryType="nt:unstructured"
                                        eachInnerBullet="See this page for the upcoming sessions and to download the meeting invite."/>
                                </list>
                            </item9>
                            <item10
                                jcr:primaryType="nt:unstructured"
                                eachOuterBullet="If you have suggestions for KSS topics, please email. You don't have to deliver the presentation."/>
                        </eventAccordion>
                    </eventdetails_3>
                    <eventdetails_4
                        jcr:primaryType="nt:unstructured"
                        sling:resourceType="community/components/events/eventdetails"
                        heading="Community Administrative Items"
                        notes=",">
                        <eventAccordion jcr:primaryType="nt:unstructured">
                            <item0
                                jcr:primaryType="nt:unstructured"
                                eachOuterBullet="Community Tips &amp; Reminders:">
                                <list jcr:primaryType="nt:unstructured">
                                    <item0
                                        jcr:primaryType="nt:unstructured"
                                        eachInnerBullet="â€‹â€‹Always choose the best answer to your question to keep everyone informed and to award User Reputation Points to the answer's author."/>
                                    <item1
                                        jcr:primaryType="nt:unstructured"
                                        eachInnerBullet="Your votes are important! Please vote up posts (questions and answers) if they helped you, and select a single answer as the best answer"/>
                                </list>
                            </item0>
                            <item1
                                jcr:primaryType="nt:unstructured"
                                eachOuterBullet="Were you asked to create a Support case? Please update your Question with the Case number and JIRA reference when one is provided by Support"/>
                            <item2
                                jcr:primaryType="nt:unstructured"
                                eachOuterBullet="Did your customer create a Brainstorm? Please provide the Brainstorm link on your implementation post so other consultants can easily share with their customers to increase the votes, and possibly add additional use cases"/>
                            <item3
                                jcr:primaryType="nt:unstructured"
                                eachOuterBullet="Have you updated your Community Profile? At a minimum, you need to update your name, Company, photo and email address so we know who you are when you post questions on Community"/>
                            <item4
                                jcr:primaryType="nt:unstructured"
                                eachOuterBullet="Subscribing to Product Tags - Use the link to access the document describing how to subscribe."/>
                        </eventAccordion>
                    </eventdetails_4>
                    <eventdate
                        jcr:primaryType="nt:unstructured"
                        sling:resourceType="community/components/events/eventdate"
                        endDate="{Date}2022-09-28T16:00:00.000-05:00"
                        showQuestionLink="true"
                        startDate="{Date}2022-09-28T15:00:00.000-05:00"
                        timeZone="PDT"/>
                </container>
                <rightcontainer
                    jcr:lastModified="{Date}2022-10-13T08:30:06.864+05:30"
                    jcr:lastModifiedBy="admin"
                    jcr:primaryType="nt:unstructured"
                    sling:resourceType="community/components/container"
                    layout="responsiveGrid">
                    <moredetails
                        jcr:primaryType="nt:unstructured"
                        sling:resourceType="community/components/events/moredetails"
                        calEventType="Webinar Custom"
                        calEventTypeLabel="Calendareventtype"
                        contentType="calendar_event"
                        contentTypeLabel="Contenttype"
                        product="Adaptive Planning Custom"
                        productLabel="Product"/>
                </rightcontainer>
            </container>
        </root>
    </jcr:content>
</jcr:root>
